Title,Price,Rating,Reviews,Availability
The Eminem Show,MXN $367.82,4.6 de 5 estrellas,"4,842 calificaciones",Disponible
The Eminem Show,MXN $488.00,4.7 de 5 estrellas,452 calificaciones,Disponible
The Eminem Show (Vinyl),MXN $838.16,4.6 de 5 estrellas,"4,842 calificaciones",Disponible
Curtain Call: The Hits[Importado],MXN $263.86,4.6 de 5 estrellas,"4,962 calificaciones",Disponible
The Marshall Mathers,MXN $298.00,4.7 de 5 estrellas,"4,229 calificaciones",
Encore,MXN $289.01,4.7 de 5 estrellas,896 calificaciones,Disponible
Curtain Call 2,MXN $277.40,4.8 de 5 estrellas,"1,337 calificaciones",Disponible
8 Mile [Importado],MXN $347.87,4.7 de 5 estrellas,976 calificaciones,Disponible
Marshall Mathers Lp,MXN $347.75,4.7 de 5 estrellas,"4,229 calificaciones",Envío en 4 a 5 días
Marshall Mathers Lp [Importado],MXN $591.26,4.7 de 5 estrellas,"4,229 calificaciones",Disponible
Revival (+ Audio CD),MXN $198.28,4.6 de 5 estrellas,"3,332 calificaciones",Disponible
Music To Be Murdered By - Side B,MXN $409.41,4.8 de 5 estrellas,"4,319 calificaciones",Disponible
Recovery [la cubierta puede variar],MXN $333.50,4.7 de 5 estrellas,"3,130 calificaciones",Disponible
Marshall Mathers Lp [Importado],MXN $347.87,4.6 de 5 estrellas,290 calificaciones,Not Available
The Marshall Mathers LP 2,MXN $330.32,4.7 de 5 estrellas,"3,652 calificaciones",Envío en 3 a 4 días
Marshall Mathers Lp2 [Importado],MXN $683.81,4.7 de 5 estrellas,"3,652 calificaciones",Disponible
The Eminem Show [Limited Edition w/ Bonus DVD],MXN $473.72,4.6 de 5 estrellas,"4,842 calificaciones",Disponible
The Eminem Show (Vinyl),"MXN $1,827.37",4.7 de 5 estrellas,452 calificaciones,Envío en 9 a 10 días
Curtain Call 2 [2 LP],MXN $736.00,4.6 de 5 estrellas,286 calificaciones,Disponible
The Marshall Mathers LP [CD],MXN $426.57,4.6 de 5 estrellas,290 calificaciones,Disponible
Relapse (Vinyl)[Importado],MXN $828.26,4.7 de 5 estrellas,"1,275 calificaciones",Disponible
Recovery [Importado],MXN $458.08,4.7 de 5 estrellas,"3,130 calificaciones",Disponible
Curtain Call The Hits - Best Of Vol. 1 and Vol. 2 - Eminem Greatest Hits CD Album Bundling,MXN $499.99,4.7 de 5 estrellas,38 calificaciones,
Music To Be Murdered By - Side B (Deluxe Edition)[Grey 4 LP],"MXN $1,096.76",4.8 de 5 estrellas,"4,319 calificaciones",Disponible
Encore St,MXN $697.84,4.7 de 5 estrellas,"1,007 calificaciones",Envío en 4 a 5 días
The Marshall Mathers LP Vol. 1 and Vol. 2 - Eminem 2 CD Album Bundling,MXN $449.99,5.0 de 5 estrellas,4 calificaciones,Disponible
The Slim Shady LP[3 LP Expanded Edition],"MXN $1,091.02",4.7 de 5 estrellas,"4,378 calificaciones",Disponible
Eminem,MXN $473.44,4.5 de 5 estrellas,214 calificaciones,Disponible
EMINEM BIOGRAPHY: From Slim Shady to Superstar - How the Rap Icon Continues to Set Trends in Modern Music,MXN $626.03,Diapositiva anterior de detalles del producto,No Reviews,Disponible
Music To Be Murdered By[2 LP] [Black Ice],MXN $845.51,4.6 de 5 estrellas,"1,113 calificaciones",Disponible
Curtain Call - Exclusive Limited Edition Translucent Blue Colored 2x Vinyl LP,"MXN $1,217.78",4.2 de 5 estrellas,119 calificaciones,Disponible
